{"cameraMode":{"drawMode":0,"name":"Shaded","section":"Shading Mode"},"sceneLighting":true,"audioPlay":false,"sceneViewState":{"m_AlwaysRefresh":false,"showFog":true,"showSkybox":true,"showFlares":true,"showImageEffects":true,"showParticleSystems":true,"showVisualEffectGraphs":true,"m_FxEnabled":true},"in2DMode":false,"pivot":{"x":1013.0888671875,"y":664.1423950195313,"z":74.46453857421875},"rotation":{"x":0.22778955101966859,"y":-0.005847198888659477,"z":0.0013659734977409244,"w":0.9736998081207275},"size":533.2233276367188,"orthographic":false}